what,kind,bundleId,bundleVersion,description,time
deactivated,workbench,org.eclipse.ui.workbench,3.7.1.v20120104-1859,"",1365605553052
activated,workbench,org.eclipse.ui.workbench,3.7.1.v20120104-1859,"",1365620549829
deactivated,workbench,org.eclipse.ui.workbench,3.7.1.v20120104-1859,"",1365620552617
activated,workbench,org.eclipse.ui.workbench,3.7.1.v20120104-1859,"",1365649595151
deactivated,workbench,org.eclipse.ui.workbench,3.7.1.v20120104-1859,"",1365649596585
started,bundle,org.eclipse.epp.usagedata.ui,1.3.1.R201106061540,"org.eclipse.epp.usagedata.ui",1365649597967
deactivated,workbench,org.eclipse.ui.workbench,3.7.1.v20120104-1859,"",1365649610445
activated,workbench,org.eclipse.ui.workbench,3.7.1.v20120104-1859,"",1365651481280
activated,view,org.eclipse.ui.navigator.resources,3.4.300.v20110928-1505,"org.eclipse.ui.navigator.ProjectExplorer",1365651484488
closed,editor,org.eclipse.cdt.ui,5.3.2.201202111925,"org.eclipse.cdt.ui.editor.CEditor",1365651484506
deactivated,workbench,org.eclipse.ui.workbench,3.7.1.v20120104-1859,"",1365651489065
activated,workbench,org.eclipse.ui.workbench,3.7.1.v20120104-1859,"",1365651489678
deactivated,workbench,org.eclipse.ui.workbench,3.7.1.v20120104-1859,"",1365651492286
activated,workbench,org.eclipse.ui.workbench,3.7.1.v20120104-1859,"",1365651492699
deactivated,workbench,org.eclipse.ui.workbench,3.7.1.v20120104-1859,"",1365651494637
activated,workbench,org.eclipse.ui.workbench,3.7.1.v20120104-1859,"",1365651504556
executed,command,it.baeyens.avreclipse.ui,4.0.8,"it.baeyens.avreclipse.commands.uploadproject",1365651505474
deactivated,workbench,org.eclipse.ui.workbench,3.7.1.v20120104-1859,"",1365651505891
activated,workbench,org.eclipse.ui.workbench,3.7.1.v20120104-1859,"",1365651513425
activated,view,it.baeyens.arduino.monitor,1.2.2,"it.baeyens.arduino.monitor.views.SerialMonitor",1365651518592
deactivated,workbench,org.eclipse.ui.workbench,3.7.1.v20120104-1859,"",1365651521945
activated,workbench,org.eclipse.ui.workbench,3.7.1.v20120104-1859,"",1365651526842
activated,view,org.eclipse.ui.navigator.resources,3.4.300.v20110928-1505,"org.eclipse.ui.navigator.ProjectExplorer",1365651526858
activated,view,it.baeyens.arduino.monitor,1.2.2,"it.baeyens.arduino.monitor.views.SerialMonitor",1365651535288
deactivated,workbench,org.eclipse.ui.workbench,3.7.1.v20120104-1859,"",1365651598644
activated,workbench,org.eclipse.ui.workbench,3.7.1.v20120104-1859,"",1365651600190
activated,view,org.eclipse.ui.navigator.resources,3.4.300.v20110928-1505,"org.eclipse.ui.navigator.ProjectExplorer",1365651653076
deactivated,workbench,org.eclipse.ui.workbench,3.7.1.v20120104-1859,"",1365651654950
activated,workbench,org.eclipse.ui.workbench,3.7.1.v20120104-1859,"",1365651657159
executed,command,it.baeyens.avreclipse.ui,4.0.8,"it.baeyens.avreclipse.commands.uploadproject",1365651661952
deactivated,workbench,org.eclipse.ui.workbench,3.7.1.v20120104-1859,"",1365651662331
activated,workbench,org.eclipse.ui.workbench,3.7.1.v20120104-1859,"",1365651669747
activated,view,it.baeyens.arduino.monitor,1.2.2,"it.baeyens.arduino.monitor.views.SerialMonitor",1365651672185
activated,view,org.eclipse.ui.navigator.resources,3.4.300.v20110928-1505,"org.eclipse.ui.navigator.ProjectExplorer",1365651725913
opened,editor,org.eclipse.cdt.ui,5.3.2.201202111925,"org.eclipse.cdt.ui.editor.CEditor",1365651726581
activated,editor,org.eclipse.cdt.ui,5.3.2.201202111925,"org.eclipse.cdt.ui.editor.CEditor",1365651726686
activated,view,it.baeyens.arduino.monitor,1.2.2,"it.baeyens.arduino.monitor.views.SerialMonitor",1365651771239
activated,view,org.eclipse.ui.navigator.resources,3.4.300.v20110928-1505,"org.eclipse.ui.navigator.ProjectExplorer",1365651947663
activated,editor,org.eclipse.cdt.ui,5.3.2.201202111925,"org.eclipse.cdt.ui.editor.CEditor",1365651947915
activated,view,org.eclipse.ui.navigator.resources,3.4.300.v20110928-1505,"org.eclipse.ui.navigator.ProjectExplorer",1365651948874
opened,editor,org.eclipse.cdt.ui,5.3.2.201202111925,"org.eclipse.cdt.ui.editor.CEditor",1365651949084
activated,editor,org.eclipse.cdt.ui,5.3.2.201202111925,"org.eclipse.cdt.ui.editor.CEditor",1365651949131
activated,view,org.eclipse.ui.navigator.resources,3.4.300.v20110928-1505,"org.eclipse.ui.navigator.ProjectExplorer",1365651951479
opened,editor,org.eclipse.cdt.ui,5.3.2.201202111925,"org.eclipse.cdt.ui.editor.CEditor",1365651951671
activated,editor,org.eclipse.cdt.ui,5.3.2.201202111925,"org.eclipse.cdt.ui.editor.CEditor",1365651951693
activated,view,org.eclipse.ui.navigator.resources,3.4.300.v20110928-1505,"org.eclipse.ui.navigator.ProjectExplorer",1365651952400
opened,editor,org.eclipse.cdt.ui,5.3.2.201202111925,"org.eclipse.cdt.ui.editor.CEditor",1365651952647
activated,editor,org.eclipse.cdt.ui,5.3.2.201202111925,"org.eclipse.cdt.ui.editor.CEditor",1365651952683
executed,command,org.eclipse.cdt.ui,5.3.2.201202111925,"org.eclipse.cdt.ui.edit.opendecl",1365651956801
activated,editor,org.eclipse.cdt.ui,5.3.2.201202111925,"org.eclipse.cdt.ui.editor.CEditor",1365651956917
activated,editor,org.eclipse.cdt.ui,5.3.2.201202111925,"org.eclipse.cdt.ui.editor.CEditor",1365651997118
executed,command,org.eclipse.ui,3.7.0.v20110928-1505,"org.eclipse.ui.file.save",1365652101888
deactivated,workbench,org.eclipse.ui.workbench,3.7.1.v20120104-1859,"",1365652103829
activated,workbench,org.eclipse.ui.workbench,3.7.1.v20120104-1859,"",1365652106681
executed,command,it.baeyens.avreclipse.ui,4.0.8,"it.baeyens.avreclipse.commands.uploadproject",1365652108185
deactivated,workbench,org.eclipse.ui.workbench,3.7.1.v20120104-1859,"",1365652108505
activated,workbench,org.eclipse.ui.workbench,3.7.1.v20120104-1859,"",1365652115918
activated,view,it.baeyens.arduino.monitor,1.2.2,"it.baeyens.arduino.monitor.views.SerialMonitor",1365652118992
deactivated,workbench,org.eclipse.ui.workbench,3.7.1.v20120104-1859,"",1365652306342
activated,workbench,org.eclipse.ui.workbench,3.7.1.v20120104-1859,"",1365653129404
activated,view,org.eclipse.ui.navigator.resources,3.4.300.v20110928-1505,"org.eclipse.ui.navigator.ProjectExplorer",1365653131441
deactivated,workbench,org.eclipse.ui.workbench,3.7.1.v20120104-1859,"",1365653134564
activated,workbench,org.eclipse.ui.workbench,3.7.1.v20120104-1859,"",1365653138644
deactivated,workbench,org.eclipse.ui.workbench,3.7.1.v20120104-1859,"",1365653149544
activated,workbench,org.eclipse.ui.workbench,3.7.1.v20120104-1859,"",1365653615361
deactivated,workbench,org.eclipse.ui.workbench,3.7.1.v20120104-1859,"",1365653616122
activated,workbench,org.eclipse.ui.workbench,3.7.1.v20120104-1859,"",1365655795316
activated,view,org.eclipse.ui.console,3.5.100.v20111007_r372,"org.eclipse.ui.console.ConsoleView",1365655859764
activated,view,org.eclipse.ui.navigator.resources,3.4.300.v20110928-1505,"org.eclipse.ui.navigator.ProjectExplorer",1365655862662
deactivated,workbench,org.eclipse.ui.workbench,3.7.1.v20120104-1859,"",1365655865362
activated,workbench,org.eclipse.ui.workbench,3.7.1.v20120104-1859,"",1365655867536
executed,command,it.baeyens.avreclipse.ui,4.0.8,"it.baeyens.avreclipse.commands.uploadproject",1365655868823
deactivated,workbench,org.eclipse.ui.workbench,3.7.1.v20120104-1859,"",1365655869110
activated,workbench,org.eclipse.ui.workbench,3.7.1.v20120104-1859,"",1365655917679
activated,view,it.baeyens.arduino.monitor,1.2.2,"it.baeyens.arduino.monitor.views.SerialMonitor",1365655972190
deactivated,workbench,org.eclipse.ui.workbench,3.7.1.v20120104-1859,"",1365656251215
deactivated,workbench,org.eclipse.ui.workbench,3.7.1.v20120104-1859,"",1365656263394
activated,workbench,org.eclipse.ui.workbench,3.7.1.v20120104-1859,"",1365697244808
activated,editor,org.eclipse.cdt.ui,5.3.2.201202111925,"org.eclipse.cdt.ui.editor.CEditor",1365697320680
activated,editor,org.eclipse.cdt.ui,5.3.2.201202111925,"org.eclipse.cdt.ui.editor.CEditor",1365697322231
activated,editor,org.eclipse.cdt.ui,5.3.2.201202111925,"org.eclipse.cdt.ui.editor.CEditor",1365697323617
activated,editor,org.eclipse.cdt.ui,5.3.2.201202111925,"org.eclipse.cdt.ui.editor.CEditor",1365697325039
activated,view,org.eclipse.ui.navigator.resources,3.4.300.v20110928-1505,"org.eclipse.ui.navigator.ProjectExplorer",1365697381327
opened,editor,org.eclipse.cdt.ui,5.3.2.201202111925,"org.eclipse.cdt.ui.editor.CEditor",1365697381739
activated,editor,org.eclipse.cdt.ui,5.3.2.201202111925,"org.eclipse.cdt.ui.editor.CEditor",1365697381764
executed,command,org.eclipse.ui,3.7.0.v20110928-1505,"org.eclipse.ui.edit.delete",1365697396144
executed,command,org.eclipse.ui,3.7.0.v20110928-1505,"org.eclipse.ui.edit.delete",1365697396335
activated,editor,org.eclipse.cdt.ui,5.3.2.201202111925,"org.eclipse.cdt.ui.editor.CEditor",1365697398021
activated,editor,org.eclipse.cdt.ui,5.3.2.201202111925,"org.eclipse.cdt.ui.editor.CEditor",1365697399376
activated,editor,org.eclipse.cdt.ui,5.3.2.201202111925,"org.eclipse.cdt.ui.editor.CEditor",1365697406853
activated,editor,org.eclipse.cdt.ui,5.3.2.201202111925,"org.eclipse.cdt.ui.editor.CEditor",1365697421002
executed,command,org.eclipse.ui,3.7.0.v20110928-1505,"org.eclipse.ui.file.save",1365697422378
executed,command,org.eclipse.ui,3.7.0.v20110928-1505,"org.eclipse.ui.file.save",1365697441055
activated,editor,org.eclipse.cdt.ui,5.3.2.201202111925,"org.eclipse.cdt.ui.editor.CEditor",1365697443169
deactivated,workbench,org.eclipse.ui.workbench,3.7.1.v20120104-1859,"",1365697444178
executed,command,org.eclipse.ui,3.7.0.v20110928-1505,"org.eclipse.ui.edit.findReplace",1365697444197
activated,workbench,org.eclipse.ui.workbench,3.7.1.v20120104-1859,"",1365697449603
activated,editor,org.eclipse.cdt.ui,5.3.2.201202111925,"org.eclipse.cdt.ui.editor.CEditor",1365697476813
executed,command,org.eclipse.ui,3.7.0.v20110928-1505,"org.eclipse.ui.edit.undo",1365697479121
executed,command,org.eclipse.ui,3.7.0.v20110928-1505,"org.eclipse.ui.edit.undo",1365697479424
executed,command,org.eclipse.ui,3.7.0.v20110928-1505,"org.eclipse.ui.edit.undo",1365697479648
executed,command,org.eclipse.ui,3.7.0.v20110928-1505,"org.eclipse.ui.edit.undo",1365697479830
executed,command,org.eclipse.ui,3.7.0.v20110928-1505,"org.eclipse.ui.edit.undo",1365697480004
executed,command,org.eclipse.ui,3.7.0.v20110928-1505,"org.eclipse.ui.edit.undo",1365697480218
executed,command,org.eclipse.ui,3.7.0.v20110928-1505,"org.eclipse.ui.edit.undo",1365697480409
executed,command,org.eclipse.ui,3.7.0.v20110928-1505,"org.eclipse.ui.edit.undo",1365697482555
executed,command,org.eclipse.ui,3.7.0.v20110928-1505,"org.eclipse.ui.edit.undo",1365697482895
executed,command,org.eclipse.ui,3.7.0.v20110928-1505,"org.eclipse.ui.edit.undo",1365697483195
executed,command,org.eclipse.ui,3.7.0.v20110928-1505,"org.eclipse.ui.edit.undo",1365697483519
executed,command,org.eclipse.ui,3.7.0.v20110928-1505,"org.eclipse.ui.edit.undo",1365697483862
executed,command,org.eclipse.ui,3.7.0.v20110928-1505,"org.eclipse.ui.edit.undo",1365697484266
executed,command,org.eclipse.ui,3.7.0.v20110928-1505,"org.eclipse.ui.edit.undo",1365697484752
executed,command,org.eclipse.ui,3.7.0.v20110928-1505,"org.eclipse.ui.edit.delete",1365697489730
executed,command,org.eclipse.ui,3.7.0.v20110928-1505,"org.eclipse.ui.edit.delete",1365697489892
executed,command,org.eclipse.ui,3.7.0.v20110928-1505,"org.eclipse.ui.file.save",1365697499724
executed,command,org.eclipse.ui,3.7.0.v20110928-1505,"org.eclipse.ui.file.save",1365697502237
executed,command,org.eclipse.ui,3.7.0.v20110928-1505,"org.eclipse.ui.file.save",1365697520640
activated,view,it.baeyens.arduino.monitor,1.2.2,"it.baeyens.arduino.monitor.views.SerialMonitor",1365698955154
deactivated,workbench,org.eclipse.ui.workbench,3.7.1.v20120104-1859,"",1365698957112
activated,workbench,org.eclipse.ui.workbench,3.7.1.v20120104-1859,"",1365698959575
activated,editor,org.eclipse.cdt.ui,5.3.2.201202111925,"org.eclipse.cdt.ui.editor.CEditor",1365699439510
executed,command,org.eclipse.ui,3.7.0.v20110928-1505,"org.eclipse.ui.file.save",1365699443424
activated,view,it.baeyens.arduino.monitor,1.2.2,"it.baeyens.arduino.monitor.views.SerialMonitor",1365699702666
deactivated,workbench,org.eclipse.ui.workbench,3.7.1.v20120104-1859,"",1365699717882
activated,workbench,org.eclipse.ui.workbench,3.7.1.v20120104-1859,"",1365699719169
deactivated,workbench,org.eclipse.ui.workbench,3.7.1.v20120104-1859,"",1365699750380
activated,workbench,org.eclipse.ui.workbench,3.7.1.v20120104-1859,"",1365699794652
activated,editor,org.eclipse.cdt.ui,5.3.2.201202111925,"org.eclipse.cdt.ui.editor.CEditor",1365699799404
executed,command,org.eclipse.ui,3.7.0.v20110928-1505,"org.eclipse.ui.edit.delete",1365699808909
executed,command,org.eclipse.ui,3.7.0.v20110928-1505,"org.eclipse.ui.edit.delete",1365699809055
deactivated,workbench,org.eclipse.ui.workbench,3.7.1.v20120104-1859,"",1365699817746
activated,workbench,org.eclipse.ui.workbench,3.7.1.v20120104-1859,"",1365699904005
executed,command,org.eclipse.ui,3.7.0.v20110928-1505,"org.eclipse.ui.file.save",1365699908019
executed,command,org.eclipse.ui,3.7.0.v20110928-1505,"org.eclipse.ui.edit.copy",1365699914182
executed,command,org.eclipse.ui,3.7.0.v20110928-1505,"org.eclipse.ui.edit.paste",1365699917148
executed,command,org.eclipse.ui,3.7.0.v20110928-1505,"org.eclipse.ui.edit.paste",1365699919008
executed,command,org.eclipse.cdt.ui,5.3.2.201202111925,"org.eclipse.cdt.ui.edit.text.c.format",1365699927258
executed,command,org.eclipse.ui,3.7.0.v20110928-1505,"org.eclipse.ui.file.save",1365699928458
executed,command,org.eclipse.ui,3.7.0.v20110928-1505,"org.eclipse.ui.file.save",1365699973979
executed,command,org.eclipse.ui,3.7.0.v20110928-1505,"org.eclipse.ui.file.save",1365699986416
deactivated,workbench,org.eclipse.ui.workbench,3.7.1.v20120104-1859,"",1365699996270
activated,workbench,org.eclipse.ui.workbench,3.7.1.v20120104-1859,"",1365699998551
activated,view,org.eclipse.ui.ide,3.7.0.v20110928-1505,"org.eclipse.ui.views.ProblemView",1365699998844
activated,view,org.eclipse.ui.navigator.resources,3.4.300.v20110928-1505,"org.eclipse.ui.navigator.ProjectExplorer",1365700005329
executed,command,it.baeyens.avreclipse.ui,4.0.8,"it.baeyens.avreclipse.commands.uploadproject",1365700007515
deactivated,workbench,org.eclipse.ui.workbench,3.7.1.v20120104-1859,"",1365700007851
activated,workbench,org.eclipse.ui.workbench,3.7.1.v20120104-1859,"",1365700047218
activated,view,it.baeyens.arduino.monitor,1.2.2,"it.baeyens.arduino.monitor.views.SerialMonitor",1365700086667
deactivated,workbench,org.eclipse.ui.workbench,3.7.1.v20120104-1859,"",1365700123441
activated,workbench,org.eclipse.ui.workbench,3.7.1.v20120104-1859,"",1365700150547
activated,editor,org.eclipse.cdt.ui,5.3.2.201202111925,"org.eclipse.cdt.ui.editor.CEditor",1365700153023
deactivated,workbench,org.eclipse.ui.workbench,3.7.1.v20120104-1859,"",1365700158539
activated,workbench,org.eclipse.ui.workbench,3.7.1.v20120104-1859,"",1365700632178
deactivated,workbench,org.eclipse.ui.workbench,3.7.1.v20120104-1859,"",1365700638224
activated,workbench,org.eclipse.ui.workbench,3.7.1.v20120104-1859,"",1365701043787
deactivated,workbench,org.eclipse.ui.workbench,3.7.1.v20120104-1859,"",1365701057864
activated,workbench,org.eclipse.ui.workbench,3.7.1.v20120104-1859,"",1365715643403
activated,editor,org.eclipse.cdt.ui,5.3.2.201202111925,"org.eclipse.cdt.ui.editor.CEditor",1365715646198
executed,command,org.eclipse.ui,3.7.0.v20110928-1505,"org.eclipse.ui.file.save",1365715658862
deactivated,workbench,org.eclipse.ui.workbench,3.7.1.v20120104-1859,"",1365715660753
activated,workbench,org.eclipse.ui.workbench,3.7.1.v20120104-1859,"",1365715663737
activated,editor,org.eclipse.cdt.ui,5.3.2.201202111925,"org.eclipse.cdt.ui.editor.CEditor",1365715666852
executed,command,org.eclipse.ui,3.7.0.v20110928-1505,"org.eclipse.ui.file.save",1365715678824
deactivated,workbench,org.eclipse.ui.workbench,3.7.1.v20120104-1859,"",1365715680467
activated,workbench,org.eclipse.ui.workbench,3.7.1.v20120104-1859,"",1365715683501
deactivated,workbench,org.eclipse.ui.workbench,3.7.1.v20120104-1859,"",1365715747605
activated,workbench,org.eclipse.ui.workbench,3.7.1.v20120104-1859,"",1365715748843
executed,command,it.baeyens.avreclipse.ui,4.0.8,"it.baeyens.avreclipse.commands.uploadproject",1365715748849
activated,view,org.eclipse.ui.navigator.resources,3.4.300.v20110928-1505,"org.eclipse.ui.navigator.ProjectExplorer",1365715749728
executed,command,it.baeyens.avreclipse.ui,4.0.8,"it.baeyens.avreclipse.commands.uploadproject",1365715750862
deactivated,workbench,org.eclipse.ui.workbench,3.7.1.v20120104-1859,"",1365715751167
activated,workbench,org.eclipse.ui.workbench,3.7.1.v20120104-1859,"",1365715798117
deactivated,workbench,org.eclipse.ui.workbench,3.7.1.v20120104-1859,"",1365715806582
activated,workbench,org.eclipse.ui.workbench,3.7.1.v20120104-1859,"",1365715810932
activated,view,it.baeyens.arduino.monitor,1.2.2,"it.baeyens.arduino.monitor.views.SerialMonitor",1365715813436
deactivated,workbench,org.eclipse.ui.workbench,3.7.1.v20120104-1859,"",1365715818865
activated,workbench,org.eclipse.ui.workbench,3.7.1.v20120104-1859,"",1365735088287
deactivated,workbench,org.eclipse.ui.workbench,3.7.1.v20120104-1859,"",1365735089698
deactivated,workbench,org.eclipse.ui.workbench,3.7.1.v20120104-1859,"",1365735245620
activated,workbench,org.eclipse.ui.workbench,3.7.1.v20120104-1859,"",1365739392696
deactivated,workbench,org.eclipse.ui.workbench,3.7.1.v20120104-1859,"",1365739393244
activated,workbench,org.eclipse.ui.workbench,3.7.1.v20120104-1859,"",1365744760421
deactivated,workbench,org.eclipse.ui.workbench,3.7.1.v20120104-1859,"",1365744760756
activated,workbench,org.eclipse.ui.workbench,3.7.1.v20120104-1859,"",1365744764748
activated,view,org.eclipse.ui.navigator.resources,3.4.300.v20110928-1505,"org.eclipse.ui.navigator.ProjectExplorer",1365744766631
deactivated,workbench,org.eclipse.ui.workbench,3.7.1.v20120104-1859,"",1365744774326
activated,workbench,org.eclipse.ui.workbench,3.7.1.v20120104-1859,"",1365744802371
executed,command,org.tigris.subversion.subclipse.ui,1.8.19,"org.tigris.subversion.subclipse.ui.commit",1365744802450
activated,view,it.baeyens.arduino.monitor,1.2.2,"it.baeyens.arduino.monitor.views.SerialMonitor",1365744802455
deactivated,workbench,org.eclipse.ui.workbench,3.7.1.v20120104-1859,"",1365744821251
activated,workbench,org.eclipse.ui.workbench,3.7.1.v20120104-1859,"",1365744823578
activated,view,org.eclipse.ui.navigator.resources,3.4.300.v20110928-1505,"org.eclipse.ui.navigator.ProjectExplorer",1365744823583
closed,workbench,org.eclipse.ui.workbench,3.7.1.v20120104-1859,"",1365744824307
stopped,bundle,org.eclipse.cdt.build.crossgcc,1.0.2.201202111925,"org.eclipse.cdt.build.crossgcc",1365744828967
stopped,bundle,org.eclipse.cdt.codan.checkers.ui,1.0.0.201202111925,"org.eclipse.cdt.codan.checkers.ui",1365744828968
stopped,bundle,org.eclipse.cdt.codan.checkers,1.0.1.201202111925,"org.eclipse.cdt.codan.checkers",1365744828968
stopped,bundle,org.eclipse.cdt.codan.ui.cxx,2.0.0.201202111925,"org.eclipse.cdt.codan.ui.cxx",1365744828968
stopped,bundle,org.eclipse.cdt.codan.core.cxx,1.0.0.201202111925,"org.eclipse.cdt.codan.core.cxx",1365744828968
stopped,bundle,org.eclipse.cdt.launch.remote,2.3.0.201202111925,"org.eclipse.cdt.launch.remote",1365744829048
stopped,bundle,org.eclipse.cdt.debug.mi.ui,6.1.1.201202111925,"org.eclipse.cdt.debug.mi.ui",1365744829121
stopped,bundle,org.eclipse.cdt.debug.mi.core,7.1.1.201202111925,"org.eclipse.cdt.debug.mi.core",1365744829371
stopped,bundle,org.eclipse.cdt.debug.ui.memory.memorybrowser,1.2.100.201202111925,"org.eclipse.cdt.debug.ui.memory.memorybrowser",1365744829423
stopped,bundle,org.eclipse.cdt.debug.ui.memory.search,1.2.1.201202111925,"org.eclipse.cdt.debug.ui.memory.search",1365744829452
stopped,bundle,org.eclipse.cdt.dsf.gdb.ui,2.2.1.201202111925,"org.eclipse.cdt.dsf.gdb.ui",1365744829452
stopped,bundle,org.eclipse.cdt.dsf.ui,2.2.1.201202111925,"org.eclipse.cdt.dsf.ui",1365744829623
stopped,bundle,org.eclipse.cdt.gdb.ui,7.0.0.201202111925,"org.eclipse.cdt.gdb.ui",1365744829777
stopped,bundle,org.eclipse.cdt.dsf.gdb,4.0.2.201202111925,"org.eclipse.cdt.dsf.gdb",1365744829778
stopped,bundle,org.eclipse.cdt.launch,7.0.0.201202111925,"org.eclipse.cdt.launch",1365744829814
stopped,bundle,org.eclipse.cdt.debug.ui,7.1.2.201202111925,"org.eclipse.cdt.debug.ui",1365744829814
stopped,bundle,org.eclipse.cdt.debug.ui.memory.traditional,1.2.1.201202111925,"org.eclipse.cdt.debug.ui.memory.traditional",1365744829909
stopped,bundle,org.eclipse.cdt.dsf,2.2.0.201202111925,"org.eclipse.cdt.dsf",1365744829909
stopped,bundle,org.eclipse.cdt.debug.core,7.1.0.201202111925,"org.eclipse.cdt.debug.core",1365744829909
activated,perspective,org.eclipse.cdt.ui,,"org.eclipse.cdt.ui.CPerspective",1365814682267
started,bundle,org.eclipse.osgi,3.7.2.v20120110-1415,"org.eclipse.osgi",1365814682268
started,bundle,org.eclipse.equinox.simpleconfigurator,1.0.200.v20110815-1438,"org.eclipse.equinox.simpleconfigurator",1365814682269
started,bundle,com.ibm.icu,4.4.2.v20110823,"com.ibm.icu",1365814682269
started,bundle,org.eclipse.cdt.codan.checkers,1.0.1.201202111925,"org.eclipse.cdt.codan.checkers",1365814682270
started,bundle,org.eclipse.cdt.codan.core,2.0.0.201202111925,"org.eclipse.cdt.codan.core",1365814682270
started,bundle,org.eclipse.cdt.codan.core.cxx,1.0.0.201202111925,"org.eclipse.cdt.codan.core.cxx",1365814682270
started,bundle,org.eclipse.cdt.codan.ui.cxx,2.0.0.201202111925,"org.eclipse.cdt.codan.ui.cxx",1365814682271
started,bundle,org.eclipse.cdt.core,5.3.2.201202111925,"org.eclipse.cdt.core",1365814682271
started,bundle,org.eclipse.cdt.make.core,7.1.2.201202111925,"org.eclipse.cdt.make.core",1365814682302
started,bundle,org.eclipse.cdt.make.ui,7.1.2.201202111925,"org.eclipse.cdt.make.ui",1365814682310
started,bundle,org.eclipse.cdt.managedbuilder.core,8.0.2.201202111925,"org.eclipse.cdt.managedbuilder.core",1365814682333
started,bundle,org.eclipse.cdt.msw.build,1.0.0.201202111925,"org.eclipse.cdt.msw.build",1365814682335
started,bundle,org.eclipse.cdt.ui,5.3.2.201202111925,"org.eclipse.cdt.ui",1365814682335
started,bundle,org.eclipse.compare,3.5.202.R37x_v20111109-0800,"org.eclipse.compare",1365814682351
started,bundle,org.eclipse.compare.core,3.5.200.I20110208-0800,"org.eclipse.compare.core",1365814682352
started,bundle,org.eclipse.core.contenttype,3.4.100.v20110423-0524,"org.eclipse.core.contenttype",1365814682354
started,bundle,org.eclipse.core.databinding.observable,1.4.0.I20110222-0800,"org.eclipse.core.databinding.observable",1365814682356
started,bundle,org.eclipse.core.expressions,3.4.300.v20110228,"org.eclipse.core.expressions",1365814682357
started,bundle,org.eclipse.core.filebuffers,3.5.200.v20110928-1504,"org.eclipse.core.filebuffers",1365814682359
started,bundle,org.eclipse.core.filesystem,1.3.100.v20110423-0524,"org.eclipse.core.filesystem",1365814682360
started,bundle,org.eclipse.core.jobs,3.5.101.v20120113-1953,"org.eclipse.core.jobs",1365814682361
started,bundle,org.eclipse.core.net,1.2.100.I20110511-0800,"org.eclipse.core.net",1365814682362
started,bundle,org.eclipse.core.resources,3.7.101.v20120125-1505,"org.eclipse.core.resources",1365814682397
started,bundle,org.eclipse.core.runtime,3.7.0.v20110110,"org.eclipse.core.runtime",1365814682397
started,bundle,org.eclipse.core.runtime.compatibility,3.2.100.v20100505,"org.eclipse.core.runtime.compatibility",1365814682399
started,bundle,org.eclipse.core.runtime.compatibility.auth,3.2.200.v20110110,"org.eclipse.core.runtime.compatibility.auth",1365814682399
started,bundle,org.eclipse.core.variables,3.2.500.v20110928-1503,"org.eclipse.core.variables",1365814682400
started,bundle,org.eclipse.debug.core,3.7.1.v20111129-2031,"org.eclipse.debug.core",1365814682401
started,bundle,org.eclipse.egit.core,1.3.0.201202151440-r,"org.eclipse.egit.core",1365814682402
started,bundle,org.eclipse.egit.ui,1.3.0.201202151440-r,"org.eclipse.egit.ui",1365814682436
started,bundle,org.eclipse.epp.mpc.ui,1.1.1.I20110907-0947,"org.eclipse.epp.mpc.ui",1365814682437
started,bundle,org.eclipse.epp.usagedata.gathering,1.3.1.R201106061540,"org.eclipse.epp.usagedata.gathering",1365814682437
started,bundle,org.eclipse.epp.usagedata.recording,1.3.1.R201106061540,"org.eclipse.epp.usagedata.recording",1365814682438
started,bundle,org.eclipse.equinox.app,1.3.100.v20110321,"org.eclipse.equinox.app",1365814682440
started,bundle,org.eclipse.equinox.common,3.6.0.v20110523,"org.eclipse.equinox.common",1365814682440
started,bundle,org.eclipse.equinox.ds,1.3.1.R37x_v20110701,"org.eclipse.equinox.ds",1365814682441
started,bundle,org.eclipse.equinox.event,1.2.100.v20110502,"org.eclipse.equinox.event",1365814682442
started,bundle,org.eclipse.equinox.p2.core,2.1.1.v20120113-1346,"org.eclipse.equinox.p2.core",1365814682443
started,bundle,org.eclipse.equinox.p2.directorywatcher,1.0.300.v20110815-1419,"org.eclipse.equinox.p2.directorywatcher",1365814682444
started,bundle,org.eclipse.equinox.p2.engine,2.1.1.R37x_v20111003,"org.eclipse.equinox.p2.engine",1365814682444
started,bundle,org.eclipse.equinox.p2.metadata,2.1.0.v20110815-1419,"org.eclipse.equinox.p2.metadata",1365814682445
started,bundle,org.eclipse.equinox.p2.metadata.repository,1.2.0.v20110815-1419,"org.eclipse.equinox.p2.metadata.repository",1365814682445
started,bundle,org.eclipse.equinox.p2.operations,2.1.1.R37x_v20111111,"org.eclipse.equinox.p2.operations",1365814682446
started,bundle,org.eclipse.equinox.p2.reconciler.dropins,1.1.100.v20110815-1419,"org.eclipse.equinox.p2.reconciler.dropins",1365814682447
started,bundle,org.eclipse.equinox.p2.repository,2.1.1.v20120113-1346,"org.eclipse.equinox.p2.repository",1365814682447
started,bundle,org.eclipse.equinox.p2.ui.sdk.scheduler,1.0.100.v20110815-1419,"org.eclipse.equinox.p2.ui.sdk.scheduler",1365814682448
started,bundle,org.eclipse.equinox.p2.updatechecker,1.1.200.v20110815-1419,"org.eclipse.equinox.p2.updatechecker",1365814682449
started,bundle,org.eclipse.equinox.preferences,3.4.2.v20120111-2020,"org.eclipse.equinox.preferences",1365814682449
started,bundle,org.eclipse.equinox.registry,3.5.101.R37x_v20110810-1611,"org.eclipse.equinox.registry",1365814682450
